{
  "images" : [
    {
      "resizing" : {
        "mode" : "9-part",
        "center" : {
          "mode" : "tile",
          "width" : 1,
          "height" : 1
        },
        "cap-insets" : {
          "bottom" : 128,
          "top" : 127,
          "right" : 128,
          "left" : 127
        }
      },
      "idiom" : "universal",
      "filename" : "favorites-icon.png",
      "scale" : "1x"
    },
    {
      "idiom" : "universal",
      "scale" : "2x"
    },
    {
      "idiom" : "universal",
      "scale" : "3x"
    }
  ],
  "info" : {
    "version" : 1,
    "author" : "xcode"
  },
  "properties" : {
    "compression-type" : "automatic",
    "template-rendering-intent" : "template"
  }
}